INSERT INTO unisample.department (dept_name, building, budget) VALUES
('Comp. Sci.', 'Turing', 75000.00), ('Finance', 'Graham', 55000.00);

INSERT INTO unisample.instructor (id, "name", dept_name, "password") VALUES
	('00102', 'Hasan', 'Comp. Sci.', '$2a$10$XTApJE2xQ6EHagdEXYyTTemYBVS.oAyWpHQwgSR/Gtvxvnotm8P6O'), 
	('00101', 'Usama', 'Comp. Sci.', '$2a$10$.vKYnPsJyHb5HUkkAn4i.uLfl9qtOiJq3AqULT7W4L3nR6CRuvqzm'), 
	('00111', 'Abdallah', 'Comp. Sci.', '$2a$10$S7LSDyX/JK3opkLQHuMSHu0.m1k/.CN98rMtf9EuRKuBg8Va2umD2'), 
	('10280', 'Qamar', 'Finance', '$2a$10$ic079/js7oh5l1I3ipBAmuXoX4WrpQwuCn8mxUaJBbZsZ.WUoyo/W'), 
	('00122', 'Karima', 'Finance', '$2a$10$3LvNosIQxAEOZBg2gspA.O7ZMeZoSb8oWRLNWgtPzLCUkF2VYwOTa');

INSERT INTO unisample.course (course_id, title, book, dept_name, credits) VALUES
	('CS305', 'Data Mining', 'Intro to Data Mining', 'Comp. Sci.', 3), 
	('FIN404', 'Microfinance', 'Mainstraming Microfinance', 'Finance', 4), 
	('FIN320', 'Financial Modeling', 'Principles of Finance with Excel', 'Finance', 4), 
	('CS301', 'Networks', 'Networks for dummies', 'Comp. Sci.', 4), 
	('CS212', 'DBMS', 'Database Systems', 'Comp. Sci.', 4), 
	('FIN100', 'Basing Accounting', 'Accounting for Non-accountants', 'Finance', 3);

INSERT INTO unisample.student (id, first_name, second_name, third_name, last_name, residence, dept_name, tot_cred) VALUES
	('1188', 'Khalid', 'A', 'D', 'Tahir', 'Gaza', 'Comp. Sci.', NULL), 
	('1189', 'Mohammad', 'C', 'A', 'Riad', 'Nablus', 'Comp. Sci.', NULL), 
	('1191', 'Usama', 'C', 'T', 'Mahdi', 'Rafah', 'Comp. Sci.', NULL), 
	('1202', 'Saleh', 'L', 'K', 'Safi', 'Ramallah', 'Comp. Sci.', NULL), 
	('1208', 'Samir', 'D', 'O', 'Sayed', 'Ramallah', 'Comp. Sci.', NULL), 
	('1210', 'Suhaib', 'S', 'B', 'Qamar', 'Jersulam', 'Comp. Sci.', NULL), 
	('1190', 'Ali', 'F', 'T', 'Saed', 'Jerualem', 'Comp. Sci.', NULL), 
	('1201', 'Baraa', 'A', 'H', 'Salman', 'Nablus', 'Comp. Sci.', NULL), 
	('1195', 'Jamal', 'W', 'M', 'Jamal', 'Haifa', 'Comp. Sci.', NULL), 
	('1301', 'Huda', 'H', 'W', 'Jad', 'Jaffa', 'Finance', NULL), 
	('1302', 'Hanan', 'J', 'S', 'Wadi', 'Gaza', 'Finance', NULL), 
	('1304', 'Nour', 'M', 'T', 'Jad', 'Jaffa', 'Finance', NULL), 
	('1300', 'Suhaila', 'D', 'R', 'Suror', 'Jersulam', 'Finance', NULL);

INSERT INTO unisample.student_phones (id, phone_no) VALUES
	('1300', '059-231-8924'), 
	('1189', '059-231-8504'), 
	('1188', '059-080-8504'), 
	('1202', '059-230-9904'), 
	('1302', '059-708-1904'), 
	('1191', '059-800-9904'), 
	('1202', '059-800-0280'), 
	('1208', '059-770-2174'), 
	('1210', '059-230-9094'), 
	('1190', '059-210-9365'), 
	('1301', '059-700-9055'), 
	('1302', '059-237-7087'), 
	('1300', '059-180-2904'), 
	('1195', '059-235-5504'), 
	('1201', '059-217-5504'), 
	('1304', '059-201-6108');

	
INSERT INTO unisample.classroom (building, room_number, capacity) VALUES
	('IT', '230', 20), ('IT', '242', 25), ('IT', '225', 25), 
	('Economics', '100', 20), ('Economics', '101', 20);

INSERT INTO unisample."section" (course_id, sec_id, semester, building, room_number) VALUES
	('CS301', '101', 'Spring', 'IT', '242'), ('CS301', '102', 'Spring', 'IT', '242'), ('CS301', '101', 'Summer', 'IT', '242'), 
	('CS305', '101', 'Fall', 'IT', '242'), ('CS305', '102', 'Fall', 'IT', '225'), ('CS305', '101', 'Spring', 'IT', '225'),
	('CS212', '101', 'Fall', 'IT', '230'), ('CS212', '102', 'Fall', 'IT', '230'), ('CS212', '103', 'Fall', 'IT', '230'),
	('FIN100', '102', 'Spring', 'Economics', '101'), ('FIN100', '101', 'Summer', 'Economics', '101'),	
	('FIN404', '101', 'Fall', 'Economics', '100'), ('FIN404', '102', 'Spring', 'Economics', '100'), 
	('FIN320', '101', 'Fall', 'Economics', '100'), ('FIN320', '102', 'Fall', 'Economics', '101');

INSERT INTO unisample.takes (id, course_id, sec_id, semester) VALUES
	('1188', 'CS301', '101', 'Spring'), 
	('1202', 'CS301', '101', 'Spring'), 
	('1191', 'CS301', '101', 'Summer'), 
	('1208', 'CS305', '101', 'Fall'), 
	('1191', 'CS212', '101', 'Fall'), 
	('1201', 'CS301', '101', 'Spring'), 
	('1201', 'CS212', '102', 'Fall'), 
	('1195', 'CS212', '101', 'Fall'), 
	('1208', 'CS212', '102', 'Fall'), 
	('1189', 'CS212', '103', 'Fall'), 
	('1190', 'CS212', '103', 'Fall'), 
	('1189', 'CS301', '102', 'Spring'), 
	('1210', 'CS301', '102', 'Spring'), 
	('1210', 'CS305', '102', 'Fall'), 
	('1191', 'CS305', '101', 'Spring'), 
	('1202', 'CS305', '101', 'Spring'), 
	('1304', 'FIN404', '101', 'Fall'), 
	('1302', 'FIN404', '101', 'Fall'), 
	('1301', 'FIN320', '101', 'Fall'), 
	('1302', 'FIN320', '101', 'Fall'), 
	('1301', 'FIN404', '102', 'Spring'), 
	('1304', 'FIN320', '102', 'Fall'), 
	('1300', 'FIN320', '102', 'Fall'), 
	('1201', 'CS305', '101', 'Spring');


INSERT INTO unisample.teaches (id, course_id, sec_id, semester) VALUES
	('00101', 'CS301', '101', 'Spring'), 
	('00101', 'CS301', '102', 'Spring'), 
	('00101', 'CS301', '101', 'Summer'), 
	('00111', 'CS305', '101', 'Fall'), 
	('00111', 'CS305', '102', 'Fall'), 
	('00111', 'CS305', '101', 'Spring'), 
	('00122', 'FIN404', '101', 'Fall'), 
	('00122', 'FIN320', '101', 'Fall'), 
	('00122', 'FIN404', '102', 'Spring'), 
	('00122', 'FIN320', '102', 'Fall'),
	('00101', 'CS212', '101', 'Fall'), 
	('00101', 'CS212', '102', 'Fall'), 
	('00102', 'CS212', '103', 'Fall');
	
INSERT INTO unisample.lecture_time (start_time, end_time) VALUES
	('08:00:00', '09:00:00'), ('08:00:00', '10:00:00'), ('08:00:00', '11:00:00'), 
	('09:00:00', '10:00:00'), ('10:00:00', '11:00:00'), ('10:00:00', '12:00:00'), 
	('11:00:00', '12:00:00'), ('11:00:00', '14:00:00'), ('12:00:00', '13:00:00'), 
	('12:00:00', '14:00:00'), ('13:00:00', '14:00:00');


INSERT INTO unisample.lecture (course_id, sec_id, semester, lec_date, lec_title, start_time, end_time) VALUES
	('CS301', '101', 'Spring', '2022-03-01', 'Introduction to Computer Networks', '10:00:00', '12:00:00'), 
	('CS301', '102', 'Spring', '2022-03-01', 'Introduction to Computer Networks', '12:00:00', '14:00:00'), 
	('CS301', '101', 'Spring', '2022-03-08', 'Network Topologies', '10:00:00', '12:00:00'), 
	('CS301', '101', 'Spring', '2022-03-15', 'LANs', '10:00:00', '12:00:00'), 
	('CS301', '101', 'Spring', '2022-03-22', 'WANs', '10:00:00', '12:00:00'), 
	('CS301', '101', 'Spring', '2022-03-29', 'Network Protocols', '10:00:00', '12:00:00'), 
	('CS301', '101', 'Spring', '2022-04-05', 'Network Security', '10:00:00', '12:00:00'), 
	('CS301', '102', 'Spring', '2022-03-08', 'Network Topologies', '12:00:00', '14:00:00'), 
	('CS301', '102', 'Spring', '2022-03-15', 'LANs', '12:00:00', '14:00:00'), 
	('CS301', '102', 'Spring', '2022-03-22', 'WANs', '12:00:00', '14:00:00'),
	('CS301', '102', 'Spring', '2022-03-29', 'Network Protocols', '12:00:00', '14:00:00'), 
	('FIN404', '102', 'Spring', '2022-03-29', 'Financial Inclusion and Microfinance Impact', '12:00:00', '14:00:00'), 
	('FIN320', '101', 'Fall', '2022-10-15', 'Introduction to Financial Modeling', '12:00:00', '14:00:00'), 
	('FIN320', '102', 'Fall', '2022-10-22', 'Basic Financial Statements and their Analysis', '08:00:00', '10:00:00'), 
	('FIN320', '101', 'Fall', '2022-11-05', 'Time Value of Money', '12:00:00', '14:00:00'), 
	('FIN320', '102', 'Fall', '2022-11-12', 'Cost of Capital and Capital Budgeting', '08:00:00', '10:00:00'), 
	('FIN320', '101', 'Fall', '2022-11-26', 'Credit Analysis and Debt Valuation', '12:00:00', '14:00:00'), 
	('FIN320', '102', 'Fall', '2022-12-02', 'Risk Management and Monte Carlo Simulation', '08:00:00', '10:00:00'), 
	('FIN404', '102', 'Spring', '2022-04-05', 'Microfinance Regulation and Supervision', '12:00:00', '14:00:00'), 
	('FIN404', '102', 'Spring', '2022-03-08', 'Microfinance Institutions and Models', '12:00:00', '14:00:00'),
	('CS301', '102', 'Spring', '2022-04-05', 'Network Security', '12:00:00', '14:00:00'), 
	('CS301', '101', 'Summer', '2022-06-15', 'Introduction to Computer Networks', '10:00:00', '12:00:00'), 
	('CS301', '101', 'Summer', '2022-06-16', 'Network Topologies and Architecture 1', '10:00:00', '12:00:00'), 
	('CS301', '101', 'Summer', '2022-06-22', 'Network Topologies and Architecture 2', '10:00:00', '12:00:00'), 
	('CS301', '101', 'Summer', '2022-06-23', 'LANs', '10:00:00', '12:00:00'), 
	('CS301', '101', 'Summer', '2022-06-29', 'WANs', '10:00:00', '12:00:00'), 
	('CS301', '101', 'Summer', '2022-06-30', 'Network Protocols', '10:00:00', '12:00:00'), 
	('CS301', '101', 'Summer', '2022-07-06', 'Network Security', '10:00:00', '12:00:00'), 
	('CS301', '101', 'Summer', '2022-07-07', 'Wireless Networks', '10:00:00', '12:00:00'), 
	('CS301', '101', 'Summer', '2022-07-13', 'Network Management and Administration', '10:00:00', '12:00:00'),
	('CS212', '103', 'Fall', '2022-10-15', 'Introduction to Database Systems', '12:00:00', '14:00:00'), 
	('CS305', '101', 'Spring', '2022-03-01', 'Introduction to Data Mining', '10:00:00', '12:00:00'), 
	('CS305', '101', 'Spring', '2022-03-08', 'Data Preprocessing Techniques', '10:00:00', '12:00:00'), 
	('CS305', '101', 'Spring', '2022-03-15', 'Association Rule Mining', '10:00:00', '12:00:00'), 
	('CS305', '101', 'Spring', '2022-03-22', 'Classification and Prediction', '10:00:00', '12:00:00'), 
	('CS305', '101', 'Spring', '2022-03-29', 'Cluster Analysis', '10:00:00', '12:00:00'), 
	('CS305', '101', 'Fall', '2022-10-15', 'Introduction to Data Mining', '08:00:00', '10:00:00'), 
	('CS305', '101', 'Fall', '2022-10-22', 'Data Preprocessing Techniques', '08:00:00', '10:00:00'), 
	('CS305', '101', 'Fall', '2022-10-29', 'Association Rule Mining', '08:00:00', '10:00:00'), 
	('CS305', '101', 'Fall', '2022-11-05', 'Classification and Prediction', '08:00:00', '10:00:00'),
	('CS305', '101', 'Fall', '2022-11-12', 'Cluster Analysis', '08:00:00', '10:00:00'), 
	('CS305', '101', 'Fall', '2022-11-19', 'Big Data', '08:00:00', '10:00:00'), 
	('CS305', '102', 'Fall', '2022-10-15', 'Introduction to Data Mining', '08:00:00', '10:00:00'), 
	('CS305', '102', 'Fall', '2022-10-22', 'Data Preprocessing Techniques', '08:00:00', '10:00:00'), 
	('CS305', '102', 'Fall', '2022-10-29', 'Association Rule Mining', '08:00:00', '10:00:00'), 
	('CS305', '102', 'Fall', '2022-11-05', 'Classification and Prediction', '08:00:00', '10:00:00'), 
	('CS305', '102', 'Fall', '2022-11-12', 'Cluster Analysis', '08:00:00', '10:00:00'), 
	('CS305', '102', 'Fall', '2022-11-19', 'Big Data', '08:00:00', '10:00:00'), 
	('CS212', '101', 'Fall', '2022-10-15', 'Introduction to Database Systems', '10:00:00', '12:00:00'), 
	('CS212', '102', 'Fall', '2022-10-15', 'Introduction to Database Systems', '08:00:00', '10:00:00'),
	('CS212', '103', 'Fall', '2022-10-22', 'Relational Database Model and Design', '12:00:00', '14:00:00'), 
	('CS212', '101', 'Fall', '2022-10-22', 'Relational Database Model and Design', '10:00:00', '12:00:00'), 
	('CS212', '102', 'Fall', '2022-10-22', 'Relational Database Model and Design', '08:00:00', '10:00:00'), 
	('CS212', '103', 'Fall', '2022-10-29', 'SQL and Querying Relational Databases', '12:00:00', '14:00:00'), 
	('CS212', '101', 'Fall', '2022-10-29', 'SQL and Querying Relational Databases', '10:00:00', '12:00:00'), 
	('CS212', '102', 'Fall', '2022-10-29', 'SQL and Querying Relational Databases', '08:00:00', '10:00:00'), 
	('CS212', '103', 'Fall', '2022-11-05', 'Database Normalization', '12:00:00', '14:00:00'), 
	('CS212', '101', 'Fall', '2022-11-05', 'Database Normalization', '10:00:00', '12:00:00'), 
	('CS212', '102', 'Fall', '2022-11-05', 'Database Normalization', '08:00:00', '10:00:00'), 
	('CS212', '103', 'Fall', '2022-11-12', 'Transaction Management and Concurrency Control', '12:00:00', '14:00:00'),
	('CS212', '101', 'Fall', '2022-11-12', 'Transaction Management and Concurrency Control', '10:00:00', '12:00:00'), 
	('CS212', '101', 'Fall', '2022-11-19', 'Indexing and Query Optimization', '10:00:00', '12:00:00'), 
	('CS212', '101', 'Fall', '2022-11-26', 'NoSQL Databases and Big Data', '10:00:00', '12:00:00'), 
	('CS212', '101', 'Fall', '2022-12-02', 'Database Administration and Security', '10:00:00', '12:00:00'), 
	('CS212', '102', 'Fall', '2022-11-12', 'Transaction Management and Concurrency Control', '08:00:00', '10:00:00'), 
	('CS212', '102', 'Fall', '2022-11-19', 'Indexing and Query Optimization', '08:00:00', '10:00:00'), 
	('CS212', '102', 'Fall', '2022-11-26', 'NoSQL Databases and Big Data', '08:00:00', '10:00:00'), 
	('CS212', '102', 'Fall', '2022-12-02', 'Database Administration and Security', '08:00:00', '10:00:00'), 
	('CS212', '103', 'Fall', '2022-11-19', 'Indexing and Query Optimization', '12:00:00', '14:00:00'), 
	('CS212', '103', 'Fall', '2022-11-26', 'NoSQL Databases and Big Data', '12:00:00', '14:00:00'),
	('CS212', '103', 'Fall', '2022-12-02', 'Database Administration and Security', '12:00:00', '14:00:00'), 
	('FIN404', '101', 'Fall', '2022-10-15', 'Introduction to Microfinance and Its Importance', '08:00:00', '10:00:00'), 
	('FIN404', '101', 'Fall', '2022-10-22', 'The History and Evolution of Microfinance', '08:00:00', '10:00:00'), 
	('FIN404', '101', 'Fall', '2022-10-29', 'Microfinance Institutions and Models', '08:00:00', '10:00:00'), 
	('FIN404', '101', 'Fall', '2022-11-05', 'Microfinance Products and Services', '08:00:00', '10:00:00'), 
	('FIN404', '101', 'Fall', '2022-11-12', 'Microcredit and Microinsurance', '08:00:00', '10:00:00'), 
	('FIN404', '101', 'Fall', '2022-11-19', 'Financial Inclusion and Microfinance Impact', '08:00:00', '10:00:00'), 
	('FIN404', '102', 'Spring', '2022-03-01', 'Introduction to Microfinance and Its History', '12:00:00', '14:00:00'), 
	('FIN404', '102', 'Spring', '2022-03-15', 'Microfinance Products and Services', '12:00:00', '14:00:00'), 
	('FIN404', '102', 'Spring', '2022-03-22', 'Microcredit and Microinsurance', '12:00:00', '14:00:00'),
	('FIN404', '101', 'Fall', '2022-11-26', 'Microfinance Regulation and Supervision', '08:00:00', '10:00:00'), 
	('FIN404', '101', 'Fall', '2022-12-02', 'Innovations in Microfinance', '08:00:00', '10:00:00'), 
	('FIN320', '101', 'Fall', '2022-10-22', 'Basic Financial Statements and their Analysis', '12:00:00', '14:00:00'), 
	('FIN320', '102', 'Fall', '2022-10-15', 'Introduction to Financial Modeling', '08:00:00', '10:00:00'), 
	('FIN320', '101', 'Fall', '2022-10-29', 'Financial Forecasting Techniques', '12:00:00', '14:00:00'), 
	('FIN320', '102', 'Fall', '2022-10-29', 'Financial Forecasting Techniques', '08:00:00', '10:00:00'), 
	('FIN320', '102', 'Fall', '2022-11-05', 'Time Value of Money', '08:00:00', '10:00:00'), 
	('FIN320', '101', 'Fall', '2022-11-12', 'Cost of Capital and Capital Budgeting', '12:00:00', '14:00:00'), 
	('FIN320', '101', 'Fall', '2022-11-19', 'Financial Ratio Analysis', '12:00:00', '14:00:00'), 
	('FIN320', '102', 'Fall', '2022-11-19', 'Financial Ratio Analysis and Equity Valuation', '08:00:00', '10:00:00'),
	('FIN320', '102', 'Fall', '2022-11-26', 'Credit Analysis and Debt Valuation', '08:00:00', '10:00:00'), 
	('FIN320', '101', 'Fall', '2022-12-02', 'Risk Management and Monte Carlo Simulation', '12:00:00', '14:00:00'), 
	('CS301', '101', 'Summer', '2022-07-14', 'Networks Review', '10:00:00', '12:00:00');


INSERT INTO unisample.attends (id, course_id, sec_id, semester, lec_date, status) VALUES
	('1191', 'CS301', '101', 'Summer', '2022-06-22', 'present'), 
	('1191', 'CS301', '101', 'Summer', '2022-06-29', 'present'), 
	('1191', 'CS301', '101', 'Summer', '2022-07-06', 'present'), 
	('1191', 'CS301', '101', 'Summer', '2022-07-13', 'present'), 
	('1191', 'CS301', '101', 'Summer', '2022-07-14', 'present'), 
	('1191', 'CS301', '101', 'Summer', '2022-06-16', 'absent'), 
	('1191', 'CS301', '101', 'Summer', '2022-06-23', 'absent'), 
	('1191', 'CS301', '101', 'Summer', '2022-06-30', 'absent'), 
	('1191', 'CS301', '101', 'Summer', '2022-07-07', 'absent'), 
	('1188', 'CS301', '101', 'Spring', '2022-03-01', 'present'),
	('1188', 'CS301', '101', 'Spring', '2022-03-08', 'present'), 
	('1188', 'CS301', '101', 'Spring', '2022-03-22', 'present'), 
	('1188', 'CS301', '101', 'Spring', '2022-03-29', 'present'), 
	('1188', 'CS301', '101', 'Spring', '2022-04-05', 'present'), 
	('1208', 'CS305', '101', 'Fall', '2022-10-15', 'present'), 
	('1208', 'CS305', '101', 'Fall', '2022-10-22', 'present'), 
	('1208', 'CS305', '101', 'Fall', '2022-10-29', 'present'), 
	('1208', 'CS305', '101', 'Fall', '2022-11-12', 'present'), 
	('1208', 'CS305', '101', 'Fall', '2022-11-19', 'present'), 
	('1201', 'CS301', '101', 'Spring', '2022-03-22', 'present'),
	('1201', 'CS301', '101', 'Spring', '2022-03-29', 'present'), 
	('1202', 'CS301', '101', 'Spring', '2022-03-22', 'present'), 
	('1201', 'CS301', '101', 'Spring', '2022-03-01', 'present'), 
	('1201', 'CS301', '101', 'Spring', '2022-03-08', 'absent'), 
	('1201', 'CS301', '101', 'Spring', '2022-04-05', 'absent'), 
	('1202', 'CS301', '101', 'Spring', '2022-03-01', 'absent'), 
	('1202', 'CS301', '101', 'Spring', '2022-03-08', 'absent'), 
	('1202', 'CS301', '101', 'Spring', '2022-03-29', 'absent'), 
	('1202', 'CS301', '101', 'Spring', '2022-04-05', 'absent'), 
	('1210', 'CS305', '102', 'Fall', '2022-10-15', 'present'),
	('1210', 'CS305', '102', 'Fall', '2022-10-22', 'present'), 
	('1210', 'CS305', '102', 'Fall', '2022-10-29', 'present'), 
	('1210', 'CS305', '102', 'Fall', '2022-11-05', 'present'), 
	('1210', 'CS305', '102', 'Fall', '2022-11-12', 'present'), 
	('1208', 'CS305', '101', 'Fall', '2022-11-05', 'absent'), 
	('1210', 'CS305', '102', 'Fall', '2022-11-19', 'absent'), 
	('1191', 'CS305', '101', 'Spring', '2022-03-01', 'present'), 
	('1191', 'CS305', '101', 'Spring', '2022-03-08', 'present'), 
	('1191', 'CS305', '101', 'Spring', '2022-03-15', 'present'), 
	('1191', 'CS305', '101', 'Spring', '2022-03-22', 'present'),
	('1189', 'CS301', '102', 'Spring', '2022-03-01', 'present'), 
	('1189', 'CS301', '102', 'Spring', '2022-03-22', 'present'), 
	('1189', 'CS301', '102', 'Spring', '2022-03-29', 'present'), 
	('1210', 'CS301', '102', 'Spring', '2022-03-01', 'absent'), 
	('1210', 'CS301', '102', 'Spring', '2022-03-22', 'present'), 
	('1210', 'CS301', '102', 'Spring', '2022-04-05', 'absent'), 
	('1189', 'CS301', '102', 'Spring', '2022-03-08', 'present'), 
	('1189', 'CS301', '102', 'Spring', '2022-03-15', 'present'), 
	('1189', 'CS301', '102', 'Spring', '2022-04-05', 'present'), 
	('1210', 'CS301', '102', 'Spring', '2022-03-08', 'present'),
	('1210', 'CS301', '102', 'Spring', '2022-03-15', 'present'), 
	('1210', 'CS301', '102', 'Spring', '2022-03-29', 'present'), 
	('1201', 'CS305', '101', 'Spring', '2022-03-01', 'present'), 
	('1202', 'CS305', '101', 'Spring', '2022-03-01', 'present'), 
	('1202', 'CS305', '101', 'Spring', '2022-03-08', 'present'), 
	('1202', 'CS305', '101', 'Spring', '2022-03-22', 'present'), 
	('1202', 'CS305', '101', 'Spring', '2022-03-29', 'present'), 
	('1191', 'CS305', '101', 'Spring', '2022-03-29', 'absent'), 
	('1201', 'CS305', '101', 'Spring', '2022-03-08', 'absent'), 
	('1201', 'CS305', '101', 'Spring', '2022-03-15', 'absent'),
	('1201', 'CS305', '101', 'Spring', '2022-03-22', 'absent'), 
	('1201', 'CS305', '101', 'Spring', '2022-03-29', 'absent'), 
	('1202', 'CS305', '101', 'Spring', '2022-03-15', 'absent'), 
	('1191', 'CS212', '101', 'Fall', '2022-10-15', 'absent'), 
	('1191', 'CS212', '101', 'Fall', '2022-10-22', 'present'), 
	('1191', 'CS212', '101', 'Fall', '2022-10-29', 'present'), 
	('1191', 'CS212', '101', 'Fall', '2022-11-05', 'present'), 
	('1191', 'CS212', '101', 'Fall', '2022-11-12', 'absent'), 
	('1191', 'CS212', '101', 'Fall', '2022-11-19', 'absent'), 
	('1191', 'CS212', '101', 'Fall', '2022-11-26', 'present'),
	('1191', 'CS212', '101', 'Fall', '2022-12-02', 'present'), 
	('1195', 'CS212', '101', 'Fall', '2022-10-15', 'absent'), 
	('1195', 'CS212', '101', 'Fall', '2022-10-22', 'absent'), 
	('1195', 'CS212', '101', 'Fall', '2022-10-29', 'absent'), 
	('1195', 'CS212', '101', 'Fall', '2022-11-05', 'absent'), 
	('1195', 'CS212', '101', 'Fall', '2022-11-12', 'present'), 
	('1195', 'CS212', '101', 'Fall', '2022-11-19', 'absent'), 
	('1195', 'CS212', '101', 'Fall', '2022-11-26', 'present'), 
	('1195', 'CS212', '101', 'Fall', '2022-12-02', 'absent'), 
	('1201', 'CS212', '102', 'Fall', '2022-10-15', 'present'),
	('1201', 'CS212', '102', 'Fall', '2022-10-22', 'present'), 
	('1201', 'CS212', '102', 'Fall', '2022-10-29', 'present'), 
	('1201', 'CS212', '102', 'Fall', '2022-11-05', 'present'), 
	('1201', 'CS212', '102', 'Fall', '2022-11-12', 'present'), 
	('1201', 'CS212', '102', 'Fall', '2022-11-19', 'present'), 
	('1201', 'CS212', '102', 'Fall', '2022-11-26', 'present'), 
	('1208', 'CS212', '102', 'Fall', '2022-10-15', 'absent'), 
	('1208', 'CS212', '102', 'Fall', '2022-10-22', 'absent'), 
	('1208', 'CS212', '102', 'Fall', '2022-10-29', 'present'), 
	('1208', 'CS212', '102', 'Fall', '2022-11-05', 'present'),
	('1208', 'CS212', '102', 'Fall', '2022-11-12', 'absent'), 
	('1208', 'CS212', '102', 'Fall', '2022-11-19', 'absent'), 
	('1208', 'CS212', '102', 'Fall', '2022-12-02', 'present'), 
	('1189', 'CS212', '103', 'Fall', '2022-10-15', 'present'), 
	('1189', 'CS212', '103', 'Fall', '2022-10-22', 'present'), 
	('1189', 'CS212', '103', 'Fall', '2022-10-29', 'absent'), 
	('1189', 'CS212', '103', 'Fall', '2022-11-05', 'present'), 
	('1189', 'CS212', '103', 'Fall', '2022-11-12', 'absent'), 
	('1189', 'CS212', '103', 'Fall', '2022-11-19', 'present'), 
	('1189', 'CS212', '103', 'Fall', '2022-11-26', 'present'),
	('1189', 'CS212', '103', 'Fall', '2022-12-02', 'present'), 
	('1190', 'CS212', '103', 'Fall', '2022-10-15', 'present'), 
	('1190', 'CS212', '103', 'Fall', '2022-10-22', 'present'), 
	('1190', 'CS212', '103', 'Fall', '2022-10-29', 'absent'), 
	('1191', 'CS301', '101', 'Summer', '2022-06-15', 'present'), 
	('1190', 'CS212', '103', 'Fall', '2022-11-05', 'absent'), 
	('1190', 'CS212', '103', 'Fall', '2022-11-12', 'present'), 
	('1190', 'CS212', '103', 'Fall', '2022-11-19', 'present'), 
	('1190', 'CS212', '103', 'Fall', '2022-11-26', 'present'), 
	('1190', 'CS212', '103', 'Fall', '2022-12-02', 'present'),
	('1301', 'FIN320', '101', 'Fall', '2022-10-15', 'present'), 
	('1301', 'FIN320', '101', 'Fall', '2022-10-22', 'present'), 
	('1301', 'FIN320', '101', 'Fall', '2022-11-05', 'present'), 
	('1301', 'FIN320', '101', 'Fall', '2022-11-19', 'present'), 
	('1302', 'FIN320', '101', 'Fall', '2022-10-15', 'present'), 
	('1302', 'FIN320', '101', 'Fall', '2022-10-22', 'present'), 
	('1302', 'FIN320', '101', 'Fall', '2022-10-29', 'present'), 
	('1302', 'FIN320', '101', 'Fall', '2022-11-12', 'present'), 
	('1302', 'FIN320', '101', 'Fall', '2022-11-19', 'present'), 
	('1302', 'FIN320', '101', 'Fall', '2022-11-26', 'present'),
	('1300', 'FIN320', '102', 'Fall', '2022-11-12', 'present'), 
	('1304', 'FIN320', '102', 'Fall', '2022-10-15', 'present'), 
	('1208', 'CS212', '102', 'Fall', '2022-11-26', 'absent'), 
	('1201', 'CS212', '102', 'Fall', '2022-12-02', 'present'), 
	('1304', 'FIN320', '102', 'Fall', '2022-11-12', 'present'), 
	('1304', 'FIN320', '102', 'Fall', '2022-11-19', 'present'), 
	('1304', 'FIN320', '102', 'Fall', '2022-11-26', 'present'), 
	('1301', 'FIN320', '101', 'Fall', '2022-10-29', 'absent'), 
	('1301', 'FIN320', '101', 'Fall', '2022-11-12', 'absent'), 
	('1301', 'FIN320', '101', 'Fall', '2022-11-26', 'absent'),
	('1302', 'FIN320', '101', 'Fall', '2022-11-05', 'absent'), 
	('1300', 'FIN320', '102', 'Fall', '2022-10-15', 'absent'), 
	('1300', 'FIN320', '102', 'Fall', '2022-10-22', 'absent'), 
	('1300', 'FIN320', '102', 'Fall', '2022-10-29', 'absent'), 
	('1300', 'FIN320', '102', 'Fall', '2022-11-05', 'absent'), 
	('1300', 'FIN320', '102', 'Fall', '2022-11-19', 'absent'), 
	('1300', 'FIN320', '102', 'Fall', '2022-11-26', 'absent'), 
	('1304', 'FIN320', '102', 'Fall', '2022-10-22', 'absent'), 
	('1304', 'FIN320', '102', 'Fall', '2022-10-29', 'absent'), 
	('1304', 'FIN320', '102', 'Fall', '2022-11-05', 'absent'),
	('1304', 'FIN404', '101', 'Fall', '2022-10-29', 'present'), 
	('1304', 'FIN404', '101', 'Fall', '2022-11-12', 'present'), 
	('1301', 'FIN404', '102', 'Spring', '2022-03-01', 'present'), 
	('1301', 'FIN404', '102', 'Spring', '2022-03-15', 'present'), 
	('1302', 'FIN404', '101', 'Fall', '2022-10-15', 'absent'), 
	('1302', 'FIN404', '101', 'Fall', '2022-10-22', 'absent'), 
	('1302', 'FIN404', '101', 'Fall', '2022-10-29', 'absent'), 
	('1302', 'FIN404', '101', 'Fall', '2022-11-05', 'absent'), 
	('1302', 'FIN404', '101', 'Fall', '2022-11-12', 'absent'), 
	('1302', 'FIN404', '101', 'Fall', '2022-11-19', 'absent'),
	('1302', 'FIN404', '101', 'Fall', '2022-11-26', 'absent'), 
	('1304', 'FIN404', '101', 'Fall', '2022-11-05', 'absent'), 
	('1304', 'FIN404', '101', 'Fall', '2022-11-19', 'absent'), 
	('1304', 'FIN404', '101', 'Fall', '2022-11-26', 'absent'), 
	('1301', 'FIN404', '102', 'Spring', '2022-03-22', 'absent'), 
	('1301', 'FIN404', '102', 'Spring', '2022-03-29', 'absent'), 
	('1304', 'FIN404', '101', 'Fall', '2022-10-15', 'absent'), 
	('1304', 'FIN404', '101', 'Fall', '2022-10-22', 'present'), 
	('1301', 'FIN404', '102', 'Spring', '2022-04-05', 'absent'), 
	('1188', 'CS301', '101', 'Spring', '2022-03-15', 'absent'),
	('1201', 'CS301', '101', 'Spring', '2022-03-15', 'absent'), 
	('1202', 'CS301', '101', 'Spring', '2022-03-15', 'absent');

